,key,values
0,Random Forest,"[0.9767794812920568, 0.8569618587628152, 0.9743284265395518, 0.8418633882988901]"
1,Decision Tree,"[0.9999192114480164, 0.6909626387027019, 0.9999106837675292, 0.6583420283435427]"
2,Gradient Boosting,"[0.8971431939727704, 0.8712012370811012, 0.8862860866698962, 0.8576058121063286]"
3,Linear Regression,"[0.8742827404312576, 0.8834144001547682, 0.861012585254557, 0.8711081423933271]"
4,XGBRegressor,"[0.9558770870578696, 0.8461100077077962, 0.9512196684695335, 0.8298660640769524]"
5,CatBoosting Regressor,"[0.9058799422692435, 0.8621566963306003, 0.8959450472865526, 0.8476065698321638]"
6,AdaBoost Regressor,"[0.8539778135762237, 0.8445326554279009, 0.8385643605648251, 0.828122213500846]"
